Complexity,Loss,Equation
1,41.4804,"8.940494"
3,2.026305,"x0 + -8.406814"
4,0.25401154,"square(x0 * 0.16007504)"
6,0.24900444,"(square(x0) * 0.025856815) + -0.12238827"
8,0.24890782,"(square(x0 + 0.15382624) * 0.025636666) - 0.18267156"
9,0.24738081,"((-4.644143 - sin(x0)) + square(x0)) * 0.025850171"
10,0.24593526,"(square(x0) - square(sin(x0) + 1.8783827)) * 0.025810609"
11,0.2446774,"(square((sin(x0) * -0.1016192) + x0) + -4.592406) * 0.025839606"
12,0.23657143,"square(x0 - (cos(square(x0 + 1.8999287)) * 0.19000395)) * 0.025616031"
13,0.23224394,"square(x0 - (exp(cos(square(x0 + 1.8993504))) * 0.17356573)) * 0.026104502"
15,0.23203984,"square(x0 - (exp(cos(square(x0 + 1.8994317)) * 0.6177691) * 0.31597072)) * 0.026368482"
17,0.22997527,"square(x0 - (exp(cos(square(1.8999287 + x0) - square(sin(x0)))) * 0.17356573)) * 0.026104502"
18,0.22943346,"square(x0 - (exp(cos(square(1.8999287 + x0) - square(sin(sin(x0))))) * 0.17356573)) * 0.026104502"
